City_ID,City,Country,Lat,Lng,Max Temp,Humidity,Cloudiness,Wind Speed,Description
0,Hilo,US,19.7297,-155.09,77.0,65,90,8.05,light rain
1,Atuona,PF,-9.8,-139.0333,78.37,77,52,14.7,broken clouds
2,Gao,ML,16.6362,1.637,72.88,17,95,11.36,overcast clouds
3,Gallup,US,35.5281,-108.7426,55.4,16,1,13.8,clear sky
4,Victoria,HK,22.2855,114.1577,55.0,51,96,10.47,overcast clouds
5,Andenes,NO,69.3143,16.1194,30.2,93,75,8.05,light snow
6,Iqaluit,CA,63.7506,-68.5145,-13.0,70,20,6.91,few clouds
7,Japura,ID,-0.3167,102.35,72.37,97,100,2.66,overcast clouds
8,Cape Town,ZA,-33.9258,18.4232,71.6,60,0,17.27,clear sky
9,Palmas,BR,-10.2128,-48.3603,78.8,83,40,4.61,moderate rain
10,Uglich,RU,57.5275,38.3317,-9.4,88,15,4.0,few clouds
11,Palmer,US,42.1584,-72.3287,39.99,56,90,8.05,overcast clouds
12,Ancud,CL,-41.8697,-73.8203,66.2,63,0,10.36,clear sky
13,Punta Arenas,CL,-53.15,-70.9167,62.6,59,40,29.93,scattered clouds
14,Nkoteng,CM,4.5167,12.0333,74.95,65,29,6.51,scattered clouds
15,Zambezi,ZM,-13.5432,23.1047,68.59,84,100,4.94,overcast clouds
16,Busselton,AU,-33.65,115.3333,64.0,71,31,7.0,scattered clouds
17,East London,ZA,-33.0153,27.9116,70.79,71,89,5.23,overcast clouds
18,Hobart,AU,-42.8794,147.3294,63.0,55,75,18.41,broken clouds
19,Yar-Sale,RU,66.8333,70.8333,-13.52,89,100,15.68,overcast clouds
20,Beringovskiy,RU,63.05,179.3167,-13.14,88,28,8.39,scattered clouds
21,Saskylakh,RU,71.9167,114.0833,-28.25,84,72,5.91,broken clouds
22,Bulawayo,ZW,-20.15,28.5833,66.7,93,100,5.21,overcast clouds
23,Mount Isa,AU,-20.7333,139.5,75.2,23,33,12.66,scattered clouds
24,Gourcy,BF,13.2167,-2.35,75.43,18,38,9.78,scattered clouds
25,Honningsvag,NO,70.9821,25.9704,37.4,87,75,14.97,broken clouds
26,Bilma,NE,18.6853,12.9164,64.98,25,100,15.88,overcast clouds
27,Ushuaia,AR,-54.8,-68.3,55.4,71,75,7.16,light rain
28,New Norfolk,AU,-42.7826,147.0587,61.0,72,98,1.99,overcast clouds
29,Caborca,MX,30.5838,-111.101,81.0,13,0,7.0,clear sky
30,Saint-Philippe,RE,-21.3585,55.7679,78.8,73,0,5.75,clear sky
31,Sigli,ID,5.3848,95.9609,78.51,81,98,11.54,light rain
32,Hithadhoo,MV,-0.6,73.0833,81.14,70,93,7.0,overcast clouds
33,Zaragoza,ES,41.6561,-0.8773,51.01,81,0,13.8,clear sky
34,Port Hardy,CA,50.6996,-127.4199,48.2,81,75,9.22,light rain
35,Tahe,CN,52.3333,124.7333,-19.64,84,100,6.53,overcast clouds
36,Seminole,US,28.7086,-81.2081,61.0,55,1,5.75,clear sky
37,Gaoua,BF,10.2992,-3.2508,77.29,16,100,4.23,overcast clouds
38,Rikitea,PF,-23.1203,-134.9692,78.76,75,16,14.97,light rain
39,Port Alfred,ZA,-33.5906,26.891,68.0,89,52,5.01,broken clouds
40,Barrow,US,71.2906,-156.7887,-2.2,78,90,16.11,overcast clouds
41,Kapaa,US,22.0752,-159.319,81.0,73,1,14.97,clear sky
42,Arraial Do Cabo,BR,-22.9661,-42.0278,80.6,73,0,19.57,clear sky
43,Chuy,UY,-33.6971,-53.4616,73.33,58,80,8.14,broken clouds
44,Mataura,NZ,-46.1927,168.8643,55.26,51,26,9.19,scattered clouds
45,Swellendam,ZA,-34.0226,20.4417,68.0,77,26,9.22,scattered clouds
46,Mar Del Plata,AR,-38.0023,-57.5575,64.4,68,75,14.97,broken clouds
47,Fredonia,US,42.4401,-79.3317,33.8,100,90,9.22,light snow
48,Carnarvon,AU,-24.8667,113.6333,82.4,69,98,5.75,overcast clouds
49,Songjianghe,CN,42.1859,127.479,1.15,90,100,5.21,light snow
50,Hokitika,NZ,-42.7167,170.9667,57.22,74,46,13.89,scattered clouds
51,Mahebourg,MU,-20.4081,57.7,78.8,78,40,10.36,scattered clouds
52,Pevek,RU,69.7008,170.3133,-28.57,86,5,3.09,clear sky
53,Gillette,US,44.2911,-105.5022,42.8,36,90,9.22,overcast clouds
54,Turukhansk,RU,65.8167,87.9833,-13.29,87,100,18.95,overcast clouds
55,Bonthe,SL,7.5264,-12.505,77.92,83,0,7.52,clear sky
56,Igarka,RU,67.4667,86.5833,-10.12,88,100,22.84,light snow
57,Natal,BR,-5.795,-35.2094,80.6,69,20,16.11,few clouds
58,Longyearbyen,SJ,78.2186,15.6401,19.4,73,40,33.38,scattered clouds
59,Harwich,GB,51.9419,1.2844,41.0,80,100,7.0,overcast clouds
60,Albany,US,42.6001,-73.9662,37.99,69,100,7.94,overcast clouds
61,Lyubar,UA,49.9204,27.7592,8.22,94,100,9.1,light snow
62,Provideniya,RU,64.3833,-173.3,-0.4,65,75,8.95,broken clouds
63,Dombas,NO,62.0696,9.1235,11.53,87,8,1.92,clear sky
64,Lompoc,US,34.6391,-120.4579,82.4,20,0,4.61,clear sky
65,Fortuna,US,40.5982,-124.1573,60.01,76,1,12.66,clear sky
66,Ahipara,NZ,-35.1667,173.1667,66.99,62,37,13.13,scattered clouds
67,Amapa,BR,1.0,-52.0,76.89,94,100,3.42,moderate rain
68,Fukue,JP,32.6881,128.8419,41.61,75,100,10.87,overcast clouds
69,Leningradskiy,RU,69.3833,178.4167,-25.06,84,33,6.11,scattered clouds
70,Vaini,TO,-21.2,-175.2,84.2,79,75,10.36,broken clouds
71,Hermanus,ZA,-34.4187,19.2345,66.0,83,5,1.99,clear sky
72,Cabo San Lucas,MX,22.8909,-109.9124,78.8,34,1,6.91,clear sky
73,Asuncion,PY,-25.3007,-57.6359,77.0,78,90,19.57,overcast clouds
74,Ayan,RU,56.45,138.1667,-26.09,72,0,12.93,clear sky
75,Bredasdorp,ZA,-34.5322,20.0403,68.0,77,75,9.22,broken clouds
76,Onega,RU,63.9061,38.1404,16.95,97,99,7.27,snow
77,Koshurnikovo,RU,54.1667,93.3,4.86,96,91,3.31,overcast clouds
78,Rocha,UY,-34.4833,-54.3333,71.28,56,15,15.82,few clouds
79,Lorengau,PG,-2.0226,147.2712,83.23,75,70,13.91,broken clouds
80,Birjand,IR,32.8663,59.2211,39.2,22,0,6.91,clear sky
81,Floro,NO,61.5996,5.0328,37.4,87,90,13.8,overcast clouds
82,Avarua,CK,-21.2078,-159.775,86.0,66,87,8.05,overcast clouds
83,Mahibadhoo,MV,3.7833,72.9667,81.32,75,0,10.27,clear sky
84,San Patricio,US,28.017,-97.5169,71.01,46,40,10.36,scattered clouds
85,Mizdah,LY,31.4451,12.9801,43.83,63,0,8.75,clear sky
86,Cockburn Town,TC,21.4612,-71.1419,80.6,65,40,5.75,scattered clouds
87,Puerto Ayora,EC,-0.7393,-90.3518,82.4,65,75,20.71,broken clouds
88,Kalemie,CD,-5.9475,29.1947,69.6,85,100,3.91,light rain
89,Warrington,GB,53.3925,-2.5802,42.01,87,75,4.61,broken clouds
90,Deputatskiy,RU,69.3,139.9,-34.67,86,99,1.68,overcast clouds
91,Grimshaw,CA,56.1834,-117.6027,33.8,86,90,17.27,overcast clouds
92,Tallahassee,US,30.4383,-84.2807,57.99,33,75,5.75,broken clouds
93,Vrangel,RU,42.7297,133.0839,14.2,90,100,5.84,overcast clouds
94,Berlevag,NO,70.8578,29.0864,37.4,87,75,17.27,light rain
95,Ayorou,NE,14.7308,0.9174,77.59,16,83,8.48,broken clouds
96,Upernavik,GL,72.7868,-56.1549,10.11,83,48,7.43,scattered clouds
97,Kuching,MY,1.55,110.3333,77.0,94,40,5.75,scattered clouds
98,Whitehorse,CA,60.7161,-135.0538,30.99,86,75,18.41,snow
99,Qaanaaq,GL,77.484,-69.3632,-2.24,74,0,4.45,clear sky
100,Abadan,IR,30.3392,48.3043,57.2,100,33,2.3,mist
101,Bengkulu,ID,-3.8004,102.2655,75.45,85,100,5.3,light rain
102,Hasaki,JP,35.7333,140.8333,33.8,80,75,9.22,light rain
103,Touros,BR,-5.1989,-35.4608,80.6,69,20,10.36,few clouds
104,Khatanga,RU,71.9667,102.5,-24.54,81,0,13.82,clear sky
105,Yellowknife,CA,62.456,-114.3525,0.0,85,90,3.44,light snow
106,Cherskiy,RU,68.75,161.3,-31.88,84,92,2.3,overcast clouds
107,Jamestown,US,42.097,-79.2353,34.0,86,90,10.36,light snow
108,Ayr,GB,55.4627,-4.6339,45.0,93,75,20.71,broken clouds
109,Porto Novo,BJ,6.4965,2.6036,82.4,83,20,9.22,few clouds
110,Santa Isabel,BR,-23.3156,-46.2214,86.0,57,75,8.05,broken clouds
111,Port Elizabeth,ZA,-33.918,25.5701,68.0,79,40,1.99,scattered clouds
112,Tolaga Bay,NZ,-38.3667,178.3,69.37,57,36,8.61,scattered clouds
113,Nhulunbuy,AU,-12.2333,136.7667,78.8,94,75,6.91,light rain
114,Yulara,AU,-25.2406,130.9889,64.4,29,0,9.22,clear sky
115,Lazaro Cardenas,MX,17.9583,-102.2,82.35,66,93,7.4,overcast clouds
116,Pacific Grove,US,36.6177,-121.9166,75.2,33,1,8.05,clear sky
117,Itarema,BR,-2.9248,-39.9167,80.29,77,87,14.76,overcast clouds
118,Keflavik,IS,64.0049,-22.5624,33.8,93,90,16.11,overcast clouds
119,Kodiak,US,57.79,-152.4072,39.2,70,75,19.57,broken clouds
120,Saldanha,ZA,-33.0117,17.9442,66.2,72,0,6.91,clear sky
121,Castro,BR,-24.7911,-50.0119,66.49,95,100,9.37,light rain
122,Ponta Do Sol,PT,32.6667,-17.1,59.0,63,75,5.75,broken clouds
123,Asau,RO,46.4333,26.4,23.0,80,0,4.61,clear sky
124,Caninde De Sao Francisco,BR,-9.66,-37.7894,84.74,42,79,14.45,broken clouds
125,Chita,RU,52.0333,113.55,-31.0,68,0,1.01,clear sky
126,Dondo,MZ,-19.6094,34.7431,73.4,100,90,10.36,moderate rain
127,Kropotkin,RU,45.4375,40.5756,28.0,98,100,12.84,snow
128,Aklavik,CA,68.2191,-135.0107,-14.8,76,75,2.68,broken clouds
129,Dudinka,RU,69.4058,86.1778,-9.56,82,100,9.91,overcast clouds
130,Sangar,RU,63.9242,127.4739,-38.99,81,100,2.93,overcast clouds
131,Vardo,NO,70.3705,31.1107,33.8,93,40,12.66,light snow
132,Ketchikan,US,55.3422,-131.6461,44.6,93,75,9.22,light rain
133,Kieta,PG,-6.2167,155.6333,81.68,79,73,7.36,light rain
134,Kumluca,TR,36.3703,30.2869,47.75,51,13,7.63,few clouds
135,Picos,BR,-7.0769,-41.4669,85.68,45,75,3.27,broken clouds
136,La Ronge,CA,55.1001,-105.2842,5.0,85,90,10.36,light snow
137,Rodniki,RU,57.1051,41.7305,-11.54,90,42,2.28,scattered clouds
138,Iquique,CL,-20.2208,-70.1431,75.2,50,0,11.5,clear sky
139,Seoni,IN,22.0833,79.5333,59.0,35,0,3.6,clear sky
140,Antofagasta,CL,-23.65,-70.4,69.8,60,20,13.8,few clouds
141,Gaya,IN,24.7833,85.0,48.2,93,90,1.7,fog
142,Atar,MR,20.5169,-13.0499,65.7,22,96,13.49,overcast clouds
143,Kjollefjord,NO,70.9457,27.3465,37.4,81,75,11.5,light rain
144,Helong,CN,42.5397,128.9972,4.46,86,100,5.19,overcast clouds
145,Havre-Saint-Pierre,CA,50.2334,-63.5986,33.8,93,90,24.16,light rain
146,Tasiilaq,GL,65.6145,-37.6368,21.2,68,0,3.44,clear sky
147,Faanui,PF,-16.4833,-151.75,81.34,76,0,14.18,clear sky
148,Todos Santos,MX,23.45,-110.2167,71.01,70,0,3.0,clear sky
149,Waverly,US,42.7392,-84.6208,34.0,86,90,5.75,light snow
150,Rudnyy,KZ,52.9594,63.1206,-2.2,78,0,13.42,clear sky
151,Alyangula,AU,-13.8483,136.4192,77.0,73,75,3.44,broken clouds
152,Bambous Virieux,MU,-20.3428,57.7575,80.01,78,40,10.36,scattered clouds
153,Bathsheba,BB,13.2167,-59.5167,78.8,73,40,17.27,scattered clouds
154,Butaritari,KI,3.0707,172.7902,80.55,76,96,18.95,overcast clouds
155,Matara,LK,5.9485,80.5353,74.93,90,74,5.08,broken clouds
156,Airai,TL,-8.9266,125.4092,61.41,100,100,1.97,overcast clouds
157,Chake Chake,TZ,-5.2459,39.7666,78.01,84,99,9.6,overcast clouds
158,Tual,ID,-5.6667,132.75,82.8,80,100,15.7,moderate rain
159,Nikolskoye,RU,59.7035,30.7861,17.6,93,75,4.47,light snow
160,Talnakh,RU,69.4865,88.3972,-9.83,76,100,5.32,overcast clouds
161,Fairbanks,US,64.8378,-147.7164,7.0,85,1,1.83,clear sky
162,Saint-Francois,FR,46.4154,3.9054,35.01,93,90,3.6,overcast clouds
163,Teya,RU,60.3778,92.6267,-4.95,89,100,3.76,overcast clouds
164,Makaha,US,21.4694,-158.2175,73.4,100,90,6.91,moderate rain
165,Uige,AO,-7.6087,15.0613,67.84,82,100,0.56,overcast clouds
166,Naantali,FI,60.4674,22.0243,15.8,92,90,4.61,overcast clouds
167,Jalu,LY,29.0331,21.5482,50.65,77,0,8.16,clear sky
168,Alamogordo,US,32.8995,-105.9603,62.6,8,1,6.91,clear sky
169,Samarai,PG,-10.6167,150.6667,83.66,78,19,14.99,moderate rain
170,Caravelas,BR,-17.7125,-39.2481,78.01,77,1,8.63,clear sky
171,Santa Rosa,PH,14.3122,121.1114,77.0,78,90,3.44,overcast clouds
172,Lorena,BR,-22.7308,-45.1247,86.0,54,40,4.61,scattered clouds
173,Xuddur,SO,4.1213,43.8894,76.51,31,55,10.92,broken clouds
174,Bethel,US,41.3712,-73.414,41.0,52,90,8.05,overcast clouds
175,Manokwari,ID,-0.8667,134.0833,79.7,73,100,3.27,light rain
176,Zeya,RU,53.75,127.2667,-18.54,82,100,4.72,overcast clouds
177,Pondicherry,IN,11.93,79.83,72.3,79,2,7.7,clear sky
178,Dikson,RU,73.5069,80.5464,-24.59,84,67,20.0,broken clouds
179,Den Helder,NL,52.9599,4.7593,43.0,81,20,9.22,light rain
180,Beyneu,KZ,45.3167,55.2,33.66,91,54,14.92,broken clouds
181,Puerto Ayacucho,VE,5.6639,-67.6236,87.53,57,80,9.62,broken clouds
182,Loreto,MX,22.2667,-101.9667,68.25,21,0,6.44,clear sky
183,Imbituba,BR,-28.24,-48.6703,78.8,89,75,5.75,moderate rain
184,Geraldton,AU,-28.7667,114.6,78.8,57,99,2.48,overcast clouds
185,Chokurdakh,RU,70.6333,147.9167,-24.92,86,100,7.45,overcast clouds
186,Bacolod,PH,10.6667,122.95,76.32,79,100,7.87,overcast clouds
187,Klamath Falls,US,42.2249,-121.7817,45.0,100,90,3.89,overcast clouds
188,Bluff,NZ,-46.6,168.3333,54.55,62,65,18.43,broken clouds
189,Ust-Kuyga,RU,70.0167,135.6,-36.9,80,100,4.41,overcast clouds
190,Abu Zabad,SD,12.35,29.25,68.36,21,2,11.45,clear sky
191,Sobolevo,RU,54.4299,31.8996,-8.7,91,72,5.32,broken clouds
192,Yantal,RU,56.8471,105.2542,-17.93,85,100,4.81,overcast clouds
193,Jasper,US,37.2001,-94.3502,48.99,43,40,16.11,scattered clouds
194,Havelock,US,34.8791,-76.9013,48.2,46,40,11.5,scattered clouds
195,Grand-Santi,GF,4.25,-54.3833,74.37,96,100,2.62,overcast clouds
196,Severnoye,RU,56.3491,78.3619,17.51,96,100,16.35,overcast clouds
197,Zabaykalsk,RU,49.6333,117.3167,-22.36,81,0,7.99,clear sky
198,Gavle,SE,60.6745,17.1417,25.0,86,82,4.0,broken clouds
199,Xunchang,CN,28.4543,104.715,39.6,76,41,1.54,scattered clouds
200,Papar,MY,5.7333,115.9333,71.6,94,40,8.05,light rain
201,Luderitz,NA,-26.6481,15.1594,65.39,76,23,13.71,few clouds
202,Mehamn,NO,71.0357,27.8492,37.4,81,75,11.5,broken clouds
203,Djibo,BF,14.1022,-1.6306,76.14,18,92,8.75,overcast clouds
204,Batemans Bay,AU,-35.7167,150.1833,64.0,78,0,1.01,clear sky
205,Darhan,MN,49.4867,105.9228,0.63,85,63,1.43,broken clouds
206,Ribeira Grande,PT,38.5167,-28.7,62.6,94,75,19.57,light rain
207,Constitucion,CL,-35.3333,-72.4167,69.24,52,0,18.99,clear sky
208,Buala,SB,-8.145,159.5921,82.09,80,58,9.24,light rain
209,Grindavik,IS,63.8424,-22.4338,33.8,93,90,16.11,overcast clouds
210,Kavaratti,IN,10.5669,72.642,81.57,75,0,4.81,clear sky
211,Vila Velha,BR,-20.3297,-40.2925,80.6,74,20,16.11,few clouds
212,Alugan,PH,12.2188,125.4808,78.78,86,100,14.97,light rain
213,Saint-Pierre,RE,-21.3393,55.4781,78.8,73,0,5.75,clear sky
214,Yambio,SS,4.5721,28.3955,73.96,27,4,2.04,clear sky
215,Clyde River,CA,70.4692,-68.5914,6.8,92,90,25.32,snow
216,Sitka,US,57.0531,-135.33,42.8,81,90,9.22,light rain
217,Severo-Kurilsk,RU,50.6789,156.125,20.55,91,87,38.12,overcast clouds
218,Norman Wells,CA,65.282,-126.8329,-11.2,84,75,3.44,broken clouds
219,Laguna,US,38.421,-121.4238,68.0,48,1,2.98,clear sky
220,Tuktoyaktuk,CA,69.4541,-133.0374,-4.0,84,90,8.05,light snow
221,Lavrentiya,RU,65.5833,-171.0,-10.23,82,100,10.47,overcast clouds
222,Ust-Kulom,RU,61.6864,53.6902,-8.41,90,94,4.56,overcast clouds
223,Acarau,BR,-2.8856,-40.12,80.8,76,97,15.88,light rain
224,Arcachon,FR,44.5875,-1.0519,35.6,100,0,2.3,clear sky
225,Verkhniy Fiagdon,RU,42.8333,44.3053,32.0,100,86,8.95,light snow
226,Georgetown,MY,5.4112,100.3354,79.0,61,20,14.97,few clouds
227,Nantucket,US,41.2835,-70.0995,42.8,52,1,21.85,clear sky
228,Ilanskiy,RU,56.2358,96.065,17.02,95,100,16.28,overcast clouds
229,College,US,64.8569,-147.8028,7.0,85,75,2.08,broken clouds
230,Moundou,TD,8.5667,16.0833,75.49,20,60,3.76,broken clouds
231,Malanje,AO,-9.5402,16.341,63.75,84,97,2.93,overcast clouds
232,Tatawin,TN,32.9297,10.4518,48.2,43,0,8.05,clear sky
233,Orbetello,IT,42.4408,11.2196,39.2,75,40,6.91,scattered clouds
234,Panalingaan,PH,8.7842,117.4231,76.68,90,100,7.4,moderate rain
235,Esperance,AU,-33.8667,121.9,55.4,88,0,8.05,clear sky
236,Vila,PT,42.0304,-8.1588,44.01,81,15,3.0,few clouds
237,Nordborg,DK,55.0573,9.7408,32.0,80,90,5.75,light rain
238,Gornopravdinsk,RU,60.05,69.9,-9.71,90,99,7.11,overcast clouds
239,Kahului,US,20.8947,-156.47,82.4,57,40,14.97,scattered clouds
240,Marabba,SD,12.35,32.1833,76.24,19,35,12.71,scattered clouds
241,Oyem,GA,1.5995,11.5793,69.98,94,96,2.53,overcast clouds
242,Lima,PE,-12.0432,-77.0282,73.99,68,0,19.57,clear sky
243,Oyama,JP,36.3,139.8,39.0,74,75,6.91,broken clouds
244,Garowe,SO,8.4054,48.4845,70.16,50,20,7.61,few clouds
245,Souillac,MU,-20.5167,57.5167,78.8,78,40,10.36,scattered clouds
246,Tucuman,AR,-26.8241,-65.2226,82.4,42,20,6.91,few clouds
247,Klaksvik,FO,62.2266,-6.589,37.4,81,40,10.36,scattered clouds
248,Labuhan,ID,-6.8844,112.2051,77.0,85,100,8.95,overcast clouds
249,Comodoro Rivadavia,AR,-45.8667,-67.5,75.2,43,0,13.8,clear sky
250,Saint George,US,37.1041,-113.5841,57.99,26,1,8.05,clear sky
251,Cervo,ES,43.6702,-7.4101,52.0,92,69,5.1,broken clouds
252,Port Hedland,AU,-20.3167,118.5667,86.0,62,6,8.05,clear sky
253,Malumfashi,NG,11.7853,7.6218,70.61,20,12,10.07,few clouds
254,Zelenoborsk,RU,61.4669,64.0333,-11.49,89,100,6.29,overcast clouds
255,Bubaque,GW,11.2833,-15.8333,78.6,61,93,10.22,overcast clouds
256,Panuco,MX,22.05,-98.1667,69.8,78,90,5.75,overcast clouds
257,Cap Malheureux,MU,-19.9842,57.6142,80.01,77,97,5.99,overcast clouds
258,Kitaibaraki,JP,36.7833,140.75,28.99,61,0,8.75,clear sky
259,Hamilton,US,39.1834,-84.5333,36.0,86,90,10.36,light snow
260,Steamboat Springs,US,40.485,-106.8317,35.01,59,90,6.91,overcast clouds
261,Porto Velho,BR,-8.7619,-63.9039,82.4,78,20,5.75,few clouds
262,Port Lincoln,AU,-34.7333,135.8667,59.29,78,100,11.36,overcast clouds
263,Ostrovnoy,RU,68.0531,39.5131,17.82,94,99,12.62,overcast clouds
264,Akcaabat,TR,41.0212,39.5715,44.6,76,75,13.8,light rain
265,Quirinopolis,BR,-18.4483,-50.4517,76.98,87,99,4.03,moderate rain
266,Owando,CG,-0.4819,15.8999,72.3,85,100,2.55,overcast clouds
267,Kotido,UG,2.9806,34.1331,77.05,40,83,10.07,broken clouds
268,Yingcheng,CN,30.95,113.55,32.0,69,0,4.47,clear sky
269,Valparaiso,CL,-33.0393,-71.6273,80.6,34,0,8.05,clear sky
270,Dutse,NG,11.7594,9.3392,69.69,22,0,7.9,clear sky
271,Port Keats,AU,-14.25,129.55,79.56,80,100,6.31,overcast clouds
272,Gat,IL,31.61,34.7642,54.0,100,92,1.99,moderate rain
273,Vila Franca Do Campo,PT,37.7167,-25.4333,61.0,88,75,18.41,broken clouds
274,Alekseyevsk,RU,57.8406,108.3492,-32.4,79,100,2.89,overcast clouds
275,Gaspe,CA,48.8334,-64.4819,33.8,93,90,4.61,snow
276,Huangmei,CN,30.1924,116.025,35.22,72,0,4.63,clear sky
277,Rassvet,RU,46.8333,40.75,20.19,97,100,18.07,snow
278,Karwar,IN,14.8,74.1333,76.64,75,0,5.64,clear sky
279,Goldsboro,US,35.3849,-77.9928,50.0,34,1,9.22,clear sky
280,Kulhudhuffushi,MV,6.6221,73.07,81.18,79,42,12.44,moderate rain
281,Itaituba,BR,-4.2761,-55.9836,93.2,52,20,5.75,few clouds
282,Taywarah,AF,33.35,64.4167,23.58,76,18,5.39,few clouds
283,Torbay,CA,47.6666,-52.7314,36.0,93,90,19.57,moderate rain
284,Zasheyek,RU,67.4066,32.5499,23.0,97,100,5.75,overcast clouds
285,Iskateley,RU,67.6803,53.1512,-16.33,89,0,4.23,clear sky
286,Huntington,US,38.4193,-82.4452,37.99,87,90,8.05,light rain
287,Boa Vista,BR,2.8197,-60.6733,91.4,43,20,9.22,few clouds
288,Khor,RU,47.8861,134.9464,-8.63,89,91,4.72,light snow
289,Narsaq,GL,60.9167,-46.05,22.12,92,100,6.29,overcast clouds
290,Qeshm,IR,26.9581,56.2719,68.0,88,0,4.61,mist
291,Takoradi,GH,4.8845,-1.7554,79.95,80,1,8.48,clear sky
292,Kruisfontein,ZA,-34.0033,24.7314,68.0,79,86,1.99,overcast clouds
293,Nizhniy Odes,RU,63.6445,54.856,-8.81,91,96,4.09,overcast clouds
294,Mount Gambier,AU,-37.8333,140.7667,57.2,94,90,9.22,overcast clouds
295,Tiksi,RU,71.6872,128.8694,-19.73,88,100,7.9,overcast clouds
296,Shebalino,RU,51.2917,85.6772,17.87,82,23,6.29,few clouds
297,Jalingo,NG,8.8833,11.3667,79.05,19,90,3.83,overcast clouds
298,Port Blair,IN,11.6667,92.75,79.2,78,28,14.56,scattered clouds
299,Mao,ES,39.8885,4.2658,51.8,71,0,12.66,clear sky
300,Keroka,KE,-0.7758,34.9453,56.14,99,99,1.45,light rain
301,Zakharovo,RU,54.366,39.2792,-12.68,90,80,2.39,broken clouds
302,Kabompo,ZM,-13.5927,24.2008,66.49,92,100,3.13,light rain
303,Esil,KZ,51.9556,66.4042,4.12,93,0,8.75,clear sky
304,Evensk,RU,61.95,159.2333,-2.09,79,98,20.33,overcast clouds
305,Aswan,EG,24.0934,32.907,57.61,38,0,6.93,clear sky
306,Roma,US,43.2128,-75.4557,34.0,86,90,6.91,light snow
307,Kualakapuas,ID,-3.0091,114.3876,73.4,100,75,1.14,broken clouds
308,Nelidovo,RU,56.2211,32.7774,-4.5,91,0,1.81,clear sky
309,Dunedin,NZ,-45.8742,170.5036,60.01,54,84,8.01,broken clouds
310,Bairiki,KI,1.3292,172.9752,80.6,78,40,10.36,scattered clouds
311,Port Hawkesbury,CA,45.6169,-61.3485,39.99,70,75,18.41,broken clouds
312,Kavieng,PG,-2.5744,150.7967,83.25,73,67,16.55,broken clouds
313,Tessalit,ML,20.1986,1.0114,65.28,23,6,13.42,clear sky
314,Aleksandrov Gay,RU,50.147,48.5704,1.33,92,97,5.75,overcast clouds
315,Chifeng,CN,42.2683,118.9636,-5.19,82,50,3.89,scattered clouds
316,Sabzevar,IR,36.2126,57.6819,45.23,53,46,6.46,scattered clouds
317,Sao Filipe,CV,14.8961,-24.4956,73.08,70,0,7.23,clear sky
318,Huanren,CN,41.2647,125.3667,6.6,91,100,0.47,light snow
319,Svetlogorsk,BY,52.6333,29.7333,-0.47,92,99,7.18,overcast clouds
320,Bereda,ES,43.2686,-7.5406,52.0,100,90,2.3,overcast clouds
321,Lagos,NG,6.5833,3.75,82.4,83,20,4.61,few clouds
322,Kekri,IN,25.9667,75.15,57.6,53,0,8.48,clear sky
323,Belmonte,BR,-15.8631,-38.8828,84.2,70,20,5.75,few clouds
324,San Ramon,US,37.7799,-121.978,75.2,19,1,13.8,clear sky
325,Sinnamary,GF,5.3833,-52.95,78.13,85,98,13.11,overcast clouds
326,Thompson,CA,55.7435,-97.8558,-9.4,77,75,2.3,broken clouds
327,Puerto Leguizamo,CO,-0.1934,-74.7819,91.72,36,9,6.42,clear sky
328,Nassau,US,40.7507,-73.5829,44.6,45,75,14.97,broken clouds
329,Dargaville,NZ,-35.9333,173.8833,66.02,64,71,12.41,broken clouds
330,Puerto Escondido,MX,15.85,-97.0667,80.6,69,40,5.75,light rain
331,Nabire,ID,-3.3667,135.4833,76.06,86,100,3.09,light rain
332,Ternate,ID,0.8,127.4,80.04,80,100,5.75,moderate rain
333,Tsumeb,NA,-19.2333,17.7167,68.0,94,100,1.14,overcast clouds
334,Preobrazheniye,RU,42.9019,133.9064,10.98,87,93,3.53,overcast clouds
335,North Bend,US,43.4065,-124.2243,55.99,94,1,16.11,clear sky
336,San Andres,CO,12.5847,-81.7006,84.2,74,40,9.22,light rain
337,Codrington,AU,-38.2667,141.9667,59.11,76,100,13.27,overcast clouds
338,Elat,IL,29.5581,34.9482,62.6,42,75,9.22,broken clouds
339,Mungwi,ZM,-10.1732,31.3694,63.27,94,100,3.76,overcast clouds
340,Viransehir,TR,37.2353,39.7631,44.35,89,100,11.5,overcast clouds
341,Mumford,GH,5.2618,-0.759,80.06,81,2,10.27,clear sky
342,Nelson Bay,AU,-32.7167,152.15,66.99,88,88,5.75,overcast clouds
343,Weiswampach,LU,50.1372,6.075,37.99,95,100,4.0,overcast clouds
344,Sokoni,TZ,-6.4333,39.55,80.6,83,20,9.22,few clouds
345,Racine,US,42.7495,-88.0751,33.01,80,90,9.22,overcast clouds
346,Batouri,CM,4.4333,14.3667,72.9,32,94,1.41,overcast clouds
347,Jardim,BR,-21.4803,-56.1381,78.13,91,100,3.89,light rain
348,Groningen,NL,53.25,6.75,37.99,100,100,5.75,overcast clouds
349,Bandarbeyla,SO,9.4942,50.8122,74.8,72,2,14.74,clear sky
350,Magdagachi,RU,53.45,125.8,-22.32,84,100,4.99,overcast clouds
351,Tautira,PF,-17.7333,-149.15,86.0,66,40,12.66,scattered clouds
352,Kenai,US,60.5544,-151.2583,35.01,86,90,10.36,light rain
353,Dukat,RU,62.55,155.55,-34.92,82,100,5.99,overcast clouds
354,Fort Nelson,CA,58.8053,-122.7002,23.0,80,75,5.75,broken clouds
355,Hirara,JP,24.8,125.2833,59.14,72,83,20.92,broken clouds
356,Yumen,CN,40.2833,97.2,16.77,76,0,13.09,clear sky
357,Ingham,US,42.6,-84.3833,34.0,93,90,3.44,light snow
358,Ca Mau,VN,9.1769,105.15,70.12,84,28,4.38,scattered clouds
359,Atbasar,KZ,51.8,68.3333,7.09,94,0,9.6,clear sky
360,Sakakah,SA,29.9697,40.2064,51.8,43,0,4.61,clear sky
361,Dali,CN,25.7,100.1833,36.64,87,100,5.44,overcast clouds
362,Praia Da Vitoria,PT,38.7333,-27.0667,61.0,94,75,33.31,light intensity drizzle rain
363,Prado,BR,-17.3411,-39.2208,77.72,79,0,8.3,clear sky
364,Pori,FI,61.4833,21.7833,19.4,93,90,5.75,overcast clouds
365,Shache,CN,38.4167,77.2406,17.83,83,41,0.81,scattered clouds
366,Tuatapere,NZ,-46.1333,167.6833,54.05,61,33,7.94,light rain
367,Lisakovsk,KZ,52.5369,62.4936,-2.06,91,0,9.31,clear sky
368,Estelle,US,29.8458,-90.1067,63.0,29,20,6.91,few clouds
369,Buraydah,SA,26.326,43.975,55.4,62,0,5.75,clear sky
370,Meulaboh,ID,4.1363,96.1285,75.9,85,96,5.1,overcast clouds
371,Turayf,SA,31.6725,38.6637,50.0,62,75,13.8,broken clouds
372,Komsomolskiy,UZ,40.4272,71.7189,37.4,56,80,6.91,broken clouds
373,Kencong,ID,-8.2833,113.3667,75.79,87,100,3.31,overcast clouds
374,Elizabeth City,US,36.2946,-76.2511,51.01,49,1,11.5,clear sky
375,Namibe,AO,-15.1961,12.1522,74.3,73,99,9.82,overcast clouds
376,Makakilo City,US,21.3469,-158.0858,73.4,83,90,4.61,moderate rain
377,Ambilobe,MG,-13.2,49.05,75.07,92,55,1.39,light rain
378,Hami,CN,42.8,93.45,14.4,75,0,2.59,clear sky
379,Acapulco,MX,16.8634,-99.8901,84.2,74,40,6.91,scattered clouds
380,Gimli,CA,50.6336,-96.9907,8.6,78,100,10.36,overcast clouds
381,Coquimbo,CL,-29.9533,-71.3436,66.2,63,0,14.97,clear sky
382,Karaj,IR,35.8355,51.0103,42.8,70,22,4.61,few clouds
383,Filadelfia,US,39.9523,-75.1638,46.0,49,75,16.11,broken clouds
384,Cidreira,BR,-30.1811,-50.2056,76.75,88,100,7.45,moderate rain
385,Tsaratanana,MG,-16.7833,47.65,76.73,74,92,0.89,overcast clouds
386,Tanout,NE,14.9709,8.8879,69.78,22,98,16.04,overcast clouds
387,Cabedelo,BR,-6.9811,-34.8339,80.6,69,0,12.66,clear sky
388,Kaitangata,NZ,-46.2817,169.8464,61.0,47,88,14.0,overcast clouds
389,Ashland,US,40.8167,-82.2665,33.8,86,90,5.75,snow
390,Margate,GB,51.3813,1.3862,41.0,79,100,1.99,overcast clouds
391,Jining,CN,35.405,116.5814,27.81,79,0,3.51,clear sky
392,Rabaul,PG,-4.1967,152.1721,79.14,79,6,4.21,clear sky
393,Pisco,PE,-13.7,-76.2167,73.4,73,0,25.32,clear sky
394,Whitianga,NZ,-36.8333,175.7,67.42,55,44,13.47,scattered clouds
395,Vilhena,BR,-12.7406,-60.1458,73.4,94,40,5.75,light rain
396,Alta Floresta,BR,-9.8756,-56.0861,80.6,78,75,3.44,broken clouds
397,Arrecife,ES,28.963,-13.5477,60.8,72,20,6.91,few clouds
398,Rawson,AR,-43.3002,-65.1023,67.78,51,16,14.65,few clouds
399,Mahon,ES,39.8885,4.2658,51.8,71,0,12.66,clear sky
400,La Libertad,EC,-2.2333,-80.9,84.2,70,0,8.05,clear sky
401,Kopong,BW,-24.4833,25.8833,82.06,52,100,8.12,overcast clouds
402,San Jeronimo,PE,-11.9472,-75.2829,61.14,54,96,4.65,moderate rain
403,Husavik,IS,66.0449,-17.3389,32.0,86,90,2.3,snow
404,Spirovo,RU,57.419,34.9766,-3.33,92,54,3.06,broken clouds
405,Rota,ES,36.6224,-6.3586,48.99,87,0,3.44,clear sky
406,Batagay-Alyta,RU,67.8006,130.4114,-34.1,82,100,1.3,overcast clouds
407,Lebu,CL,-37.6167,-73.65,60.04,73,0,21.23,clear sky
408,Hegang,CN,47.4,130.3667,-6.09,92,100,5.53,overcast clouds
409,Kiunga,PG,-6.1219,141.2906,72.03,99,100,1.9,light rain
410,Lubango,AO,-14.9172,13.4925,59.34,48,81,3.96,broken clouds
411,Adrar,MR,20.5022,-10.0711,62.33,26,100,11.97,overcast clouds
412,Pokaran,IN,26.9167,71.9167,60.17,39,0,8.55,clear sky
413,Isangel,VU,-19.55,169.2667,86.0,84,20,5.75,few clouds
414,Petauke,ZM,-14.2426,31.3253,69.57,94,100,1.72,overcast clouds
415,Along,IN,28.1667,94.7667,52.39,71,0,1.74,clear sky
416,Mareeba,AU,-17.0,145.4333,77.0,88,75,10.36,broken clouds
417,Egvekinot,RU,66.3167,-179.1667,-15.23,87,100,10.04,overcast clouds
418,Hambantota,LK,6.1241,81.1185,73.4,100,90,4.61,overcast clouds
419,Bima,ID,-8.4667,118.7167,76.84,84,100,1.86,light rain
420,Nizhniy Kuranakh,RU,58.8353,125.4869,-47.47,73,64,2.26,broken clouds
421,Coahuayana,MX,18.7333,-103.6833,82.4,47,75,6.24,broken clouds
422,Katherine,AU,-14.4667,132.2667,77.0,78,40,8.05,scattered clouds
423,Cayenne,GF,4.9333,-52.3333,82.4,74,75,11.5,broken clouds
424,Alofi,NU,-19.0595,-169.9187,86.0,70,40,6.91,scattered clouds
425,Nacala,MZ,-14.5428,40.6728,79.34,89,71,7.54,broken clouds
426,Vestmannaeyjar,IS,63.4427,-20.2734,36.84,81,100,27.76,overcast clouds
427,Dingle,PH,10.9995,122.6711,74.34,91,100,6.02,overcast clouds
428,San Pascual,PH,13.7975,121.0342,74.19,90,100,10.11,overcast clouds
429,Howard Springs,AU,-12.497,131.047,78.8,94,0,3.44,clear sky
430,Udachnyy,RU,66.4167,112.4,-35.99,81,100,2.39,overcast clouds
431,Lincoln,US,40.8,-96.667,42.01,57,88,8.99,overcast clouds
432,Kizhinga,RU,51.8462,109.9097,-19.05,85,94,1.92,overcast clouds
433,Kishni,IN,27.0247,79.2634,51.6,59,0,6.13,clear sky
434,Iracoubo,GF,5.4802,-53.2011,77.83,84,93,12.41,overcast clouds
435,Bonanza,NI,14.0289,-84.591,83.41,56,100,4.59,overcast clouds
436,Thaton,MM,16.9206,97.3714,69.91,63,64,3.4,broken clouds
437,Vaitape,PF,-16.5167,-151.75,81.34,76,0,14.2,clear sky
438,Goderich,CA,43.7501,-81.7165,32.0,93,100,4.61,light snow
439,Nha Trang,VN,12.25,109.1833,73.4,68,40,21.85,scattered clouds
440,Basco,PH,20.4487,121.9702,69.01,81,98,33.91,overcast clouds
441,Zhob,PK,31.3411,69.4481,44.4,50,0,2.53,clear sky
442,Jonesboro,US,35.8423,-90.7043,50.0,40,1,13.8,clear sky
443,Atikokan,CA,48.7555,-91.6216,20.71,96,98,2.73,overcast clouds
444,Karratha,AU,-20.7377,116.8463,90.12,52,65,5.39,broken clouds
445,Ponferrada,ES,42.5466,-6.5962,39.0,88,20,3.0,few clouds
446,Sun Valley,US,39.5963,-119.776,55.99,35,1,3.44,clear sky
447,Tari,NG,12.4086,4.4914,76.84,17,100,10.25,overcast clouds
448,Tiznit,MA,29.5833,-9.5,55.27,57,0,1.79,clear sky
449,Sambava,MG,-14.2667,50.1667,78.49,86,37,5.68,scattered clouds
450,Lermontovka,RU,47.1453,134.3383,-7.64,89,93,4.56,overcast clouds
451,Taquarituba,BR,-23.5331,-49.2444,70.66,90,99,4.81,moderate rain
452,Le Port,RE,-20.9373,55.2919,78.8,73,0,17.27,clear sky
453,Vanimo,PG,-2.6741,141.3028,78.55,84,85,4.9,light rain
454,Vao,NC,-22.6667,167.4833,76.95,82,92,11.88,overcast clouds
455,Los Llanos De Aridane,ES,28.6585,-17.9182,66.2,63,75,6.91,broken clouds
456,Montrose,US,38.4166,-108.2673,44.6,33,1,0.78,clear sky
457,Cairns,AU,-16.9167,145.7667,77.0,88,75,10.36,broken clouds
458,Bloemhof,ZA,-27.6469,25.607,73.99,22,0,4.81,clear sky
459,Utica,US,43.1009,-75.2327,33.8,86,90,6.91,light snow
460,Casablanca,MA,33.5928,-7.6192,53.01,100,20,1.14,fog
461,Carballo,ES,43.213,-8.691,51.01,96,15,1.81,few clouds
462,Turhal,TR,40.3875,36.0811,30.2,93,90,2.3,light snow
463,Gari,RU,59.4307,62.3497,-12.95,89,7,5.23,clear sky
464,Tucuma,BR,-0.1833,-50.05,80.06,82,4,7.63,clear sky
465,Ravensburg,DE,47.7833,9.6167,36.0,93,90,3.44,light snow
466,Kyzyl,RU,51.7,94.45,-9.08,83,100,1.45,overcast clouds
467,Pokrovka,KG,42.3414,78.0056,27.66,62,1,6.98,clear sky
468,Abu Samrah,SY,35.3029,37.1841,47.77,81,24,15.46,few clouds
469,Te Anau,NZ,-45.4167,167.7167,47.79,82,79,5.86,light rain
470,Gornyak,RU,50.9942,81.4661,11.64,87,100,9.26,overcast clouds
471,Anqing,CN,30.5092,117.0506,34.99,75,0,5.61,clear sky
472,Inhambane,MZ,-23.865,35.3833,78.66,87,100,5.03,overcast clouds
473,Palauig,PH,15.435,119.9045,78.13,66,97,4.59,overcast clouds
474,Coihaique,CL,-45.5752,-72.0662,64.4,52,40,11.5,scattered clouds
475,Vostok,RU,46.4856,135.8833,-14.01,88,9,3.94,clear sky
476,Tonantins,BR,-2.8731,-67.8022,81.81,90,74,4.05,moderate rain
477,Boende,CD,-0.2167,20.8667,69.17,95,100,1.12,overcast clouds
478,Hagere Selam,ET,6.4833,38.5167,48.47,71,14,1.79,few clouds
479,Ossora,RU,59.2353,163.0719,0.43,91,100,22.46,light snow
480,Charters Towers,AU,-20.1,146.2667,73.56,87,96,10.13,overcast clouds
481,Hopkinsville,US,36.8656,-87.4886,42.8,52,20,17.27,few clouds
482,Arlit,NE,18.7369,7.3853,69.1,22,100,9.64,overcast clouds
483,Inirida,CO,3.8653,-67.9239,82.02,89,100,1.16,moderate rain
484,Salinopolis,BR,-0.6136,-47.3561,81.52,78,99,10.09,overcast clouds
485,Grants,US,35.1473,-107.8514,59.0,6,1,19.57,clear sky
486,Ville-Marie,CA,47.3335,-79.433,14.0,79,90,14.97,light snow
487,Mogadishu,SO,2.0371,45.3438,76.68,81,99,21.72,overcast clouds
488,Parabel,RU,58.6978,81.4825,13.82,95,100,12.59,overcast clouds
489,Nome,US,64.5011,-165.4064,5.0,78,1,4.61,clear sky
490,Sumbe,AO,-11.2061,13.8437,75.81,81,100,9.84,overcast clouds
491,Taoudenni,ML,22.6783,-3.9836,59.4,29,19,15.99,few clouds
492,Mlonggo,ID,-6.5333,110.7,78.39,85,100,12.95,moderate rain
493,Leczna,PL,51.3012,22.8814,5.0,100,0,4.61,clear sky
494,Rudbar,AF,30.15,62.6,54.64,35,0,3.85,clear sky
495,Jurmala,LV,56.968,23.7704,3.2,85,0,4.61,clear sky
496,Kudahuvadhoo,MV,2.6708,72.8944,81.57,72,1,8.05,clear sky
497,Bismarck,US,46.8083,-100.7837,32.0,69,1,11.5,clear sky
498,Tahta,EG,26.7693,31.5021,57.2,38,0,10.36,clear sky
499,Kushima,JP,31.4583,131.2333,30.0,74,40,4.61,scattered clouds
500,Dedza,MW,-14.3779,34.3332,62.47,100,100,1.36,light rain
501,Cajnice,BA,43.5575,19.0711,23.0,93,90,3.44,light snow
502,Ixtapa,MX,20.7,-105.2,71.6,78,20,10.36,few clouds
503,Torrington,US,41.8007,-73.1212,39.99,75,94,5.01,overcast clouds
504,Nizwa,OM,22.9333,57.5333,58.12,46,48,2.37,scattered clouds
505,Wenatchee,US,47.4235,-120.3103,44.01,70,1,4.81,clear sky
506,Wanaka,NZ,-44.7,169.15,51.91,57,48,8.46,moderate rain
507,Alice Springs,AU,-23.7,133.8833,55.4,54,0,4.61,clear sky
508,Sao Joao Da Barra,BR,-21.6403,-41.0511,80.6,69,0,21.85,clear sky
509,Saint-Michel-Des-Saints,CA,46.6834,-73.9159,30.99,8,100,1.01,overcast clouds
510,Oranjemund,NA,-28.55,16.4333,64.36,84,0,7.05,clear sky
511,Bintulu,MY,3.1667,113.0333,75.2,94,20,3.44,light rain
512,Odweyne,SO,9.4092,45.064,68.61,43,0,6.31,clear sky
513,Gazanjyk,TM,39.2446,55.5154,43.88,77,71,1.59,broken clouds
514,Vilyuysk,RU,63.7553,121.6247,-37.44,82,100,3.33,overcast clouds
515,Mana,GF,5.6592,-53.7767,79.72,78,100,11.01,overcast clouds
516,San Cristobal,VE,7.7669,-72.225,86.0,58,40,12.66,scattered clouds
517,Timizart,DZ,36.8,4.2667,46.9,54,0,6.08,clear sky
518,Nanortalik,GL,60.1432,-45.2371,27.09,95,100,3.87,overcast clouds
519,Ulladulla,AU,-35.35,150.4667,68.0,68,0,6.91,clear sky
520,Zhigansk,RU,66.7697,123.3711,-46.35,78,84,5.68,broken clouds
521,Santa Isabel Do Rio Negro,BR,-0.4139,-65.0192,84.0,80,43,2.19,scattered clouds
522,Olafsvik,IS,64.8945,-23.7142,33.96,95,99,15.99,light snow
523,San Jose,US,37.3394,-121.895,75.2,25,20,6.91,few clouds
524,Oktyabrskiy,RU,54.4815,53.471,-6.11,90,100,3.78,overcast clouds
525,Rincon,US,32.296,-81.2354,55.4,35,75,10.36,broken clouds
526,Portland,US,45.5234,-122.6762,51.01,87,90,3.44,overcast clouds
527,Juneau,US,58.3019,-134.4197,42.8,81,90,8.05,snow
528,Dawei,MM,14.0833,98.2,74.1,54,79,12.73,broken clouds
529,Baruun-Urt,MN,46.6806,113.2792,-18.54,87,65,3.96,broken clouds
530,Kybartai,LT,54.6386,22.7632,-3.75,91,0,1.66,clear sky
531,Haines Junction,CA,60.7522,-137.5108,21.2,86,81,1.14,broken clouds
532,Aktau,KZ,43.65,51.2,35.6,87,90,11.18,overcast clouds
533,Luganville,VU,-15.5333,167.1667,83.82,75,56,6.96,broken clouds
534,Loukhi,RU,66.0764,33.0381,17.76,96,96,6.22,overcast clouds
535,Saint Anthony,US,45.0205,-93.218,21.99,86,90,4.61,overcast clouds
536,Isabela,PH,6.7085,121.9711,77.0,94,90,12.66,moderate rain
537,Goleta,TN,36.8181,10.305,55.4,62,20,12.66,few clouds
538,Kushmurun,KZ,52.4503,64.6311,0.81,91,0,8.63,clear sky
539,Madingou,CG,-4.1536,13.55,73.8,90,100,1.99,overcast clouds
540,Broome,US,42.2506,-75.833,37.99,69,90,10.36,overcast clouds
541,Srednekolymsk,RU,67.45,153.6833,-39.21,81,76,3.76,broken clouds
542,Fereydunshahr,IR,32.941,50.121,24.44,97,94,5.06,light snow
543,Lesosibirsk,RU,58.2358,92.4828,10.11,94,100,6.73,overcast clouds
544,Oussouye,SN,12.485,-16.5469,77.0,50,0,6.91,clear sky
545,Guerrero Negro,MX,27.9769,-114.0611,78.42,19,0,5.37,clear sky
546,New London,US,41.4834,-72.0662,43.0,49,20,16.11,few clouds
547,Mundra,IN,22.85,69.7333,66.63,41,0,8.32,clear sky
548,Orlik,RU,52.5178,99.825,7.34,87,100,3.44,overcast clouds
549,Namatanai,PG,-3.6667,152.4333,80.96,79,83,10.56,broken clouds
550,Melo,UY,-32.3667,-54.1833,75.25,55,57,12.37,broken clouds
551,Eyl,SO,7.9803,49.8164,74.1,69,0,14.72,clear sky
552,Kampot,KH,10.6167,104.1833,77.0,57,20,11.5,few clouds
553,Crowley,US,30.2141,-92.3746,64.0,35,0,3.0,clear sky
554,Aksarka,RU,66.5606,67.7975,-15.21,88,100,18.05,overcast clouds
555,Virginia Beach,US,36.8529,-75.978,50.0,46,42,1.99,scattered clouds
556,Fuerte,PH,17.5381,120.3644,76.66,65,96,17.96,overcast clouds
557,Lata,PT,40.1629,-8.3327,48.99,86,44,2.71,scattered clouds
558,Seymchan,RU,62.8833,152.4333,-30.77,80,100,2.82,overcast clouds
559,Abay,KZ,49.6311,72.8539,19.4,73,0,8.95,clear sky
560,Itaparica,BR,-12.8883,-38.6786,84.2,61,40,12.66,scattered clouds
561,Xichang,CN,27.8964,102.2634,32.56,89,3,0.81,clear sky
562,Bemidji,US,47.4736,-94.8803,23.0,93,90,9.22,overcast clouds
563,Careiro Da Varzea,BR,-3.2003,-59.8119,91.4,62,40,3.44,scattered clouds
564,Lufilufi,WS,-13.8745,-171.5986,86.0,74,40,9.22,scattered clouds
565,Agadir,MA,30.4202,-9.5982,53.6,76,0,2.73,clear sky
566,Inuvik,CA,68.3499,-133.7218,-4.0,84,83,3.44,broken clouds
567,Sorland,NO,67.667,12.6934,30.2,93,75,2.3,broken clouds
568,Toora-Khem,RU,52.4675,96.11,0.59,89,97,0.36,overcast clouds
569,Galle,LK,6.0367,80.217,77.32,83,86,1.92,overcast clouds
570,Poum,NC,-20.2333,164.0167,82.13,81,100,14.81,moderate rain
571,Salinas,US,36.6777,-121.6555,75.2,35,1,5.75,clear sky
572,Bjornevatn,NO,69.6672,29.9847,30.2,86,0,14.97,light snow
573,Abha,SA,18.2164,42.5053,55.4,87,0,1.86,clear sky
574,Punta Cardon,VE,11.6581,-70.215,80.37,71,25,24.52,scattered clouds
575,Maracas,BR,-13.4411,-40.4308,68.7,83,24,10.42,few clouds
576,Faya,SA,18.3851,42.4509,55.4,87,0,2.35,clear sky
577,Sale,MA,34.0389,-6.8166,44.6,100,84,3.38,broken clouds
578,Samastipur,IN,25.85,85.7833,54.57,74,0,1.32,clear sky
579,Keita,NE,14.7551,5.7749,80.6,16,0,6.91,clear sky
580,Tarpon Springs,US,28.1461,-82.7568,62.01,63,100,5.86,overcast clouds
581,Paveh,IR,35.0434,46.3565,34.99,87,9,3.89,clear sky
582,Nemuro,JP,43.3236,145.575,21.54,97,95,1.68,light snow
583,Kununurra,AU,-15.7667,128.7333,80.6,89,34,4.61,light rain
584,Puri,IN,19.8,85.85,64.4,94,0,3.44,mist
585,Saint Marys,US,30.7305,-81.5465,57.2,35,1,10.36,clear sky
586,Shihezi,CN,44.3,86.0333,-3.8,87,0,0.78,clear sky
587,Hofn,IS,64.2539,-15.2082,38.23,73,100,11.83,overcast clouds
588,Parelhas,BR,-6.6878,-36.6575,87.03,40,85,19.17,overcast clouds
589,Manggar,ID,-2.8833,108.2667,78.94,85,100,16.13,light rain
590,Rantauprapat,ID,2.1,99.8333,73.27,95,100,1.86,overcast clouds
591,Beloha,MG,-25.1667,45.05,76.26,82,100,9.53,overcast clouds
592,Ilulissat,GL,69.2167,-51.1,21.2,86,90,12.66,snow
593,Okhotsk,RU,59.3833,143.3,-18.35,74,100,19.8,overcast clouds
594,Saint-Joseph,RE,-21.3667,55.6167,78.8,73,0,5.75,clear sky
595,Ewa Beach,US,21.3156,-158.0072,73.4,83,90,4.61,moderate rain
596,Kijang,KR,35.2442,129.2139,24.8,54,20,3.44,few clouds
597,Awjilah,LY,29.1081,21.2869,50.59,78,0,8.75,clear sky
598,Taltal,CL,-25.4,-70.4833,69.48,60,22,5.26,few clouds
599,Kendari,ID,-3.945,122.4989,75.13,94,100,2.51,overcast clouds
600,Koulikoro,ML,14.0,-7.75,72.46,19,100,8.97,overcast clouds
601,Boulder,US,40.0833,-105.3505,50.0,25,1,5.75,clear sky
602,Henties Bay,NA,-22.116,14.2845,68.0,85,64,7.58,broken clouds
603,Seybaplaya,MX,19.65,-90.6667,78.8,38,20,9.22,few clouds
604,Severo-Yeniseyskiy,RU,60.3725,93.0408,-8.64,92,100,4.27,overcast clouds
605,Sikasso,ML,10.9167,-7.0,75.27,18,0,5.26,clear sky
606,Yekaterinoslavka,RU,50.3734,129.1139,-22.79,87,99,7.2,overcast clouds
607,Doha,QA,25.2867,51.5333,68.0,68,0,3.44,clear sky
608,Colon,PA,9.3592,-79.9014,81.0,79,7,8.99,clear sky
609,Liverpool,GB,53.4106,-2.9779,41.0,87,75,4.61,broken clouds
610,Bacsalmas,HU,46.1265,19.3326,23.11,94,0,4.14,clear sky
611,La Rioja,ES,42.25,-2.5,48.2,76,90,10.36,overcast clouds
612,Palora,EC,-1.7,-77.9333,80.6,69,75,6.91,light rain
613,Sidney,AU,-33.8679,151.2073,73.4,60,0,5.75,clear sky
614,Muisne,EC,0.6,-80.0333,82.4,83,40,8.05,scattered clouds
615,Harper,LR,4.375,-7.7169,78.91,81,0,7.54,clear sky
616,Shingu,JP,33.7333,135.9833,32.97,88,0,6.22,clear sky
617,Carlagan,PH,14.975,122.0456,75.58,86,100,28.19,light rain
618,Adre,TD,13.4667,22.2,64.6,23,29,9.73,scattered clouds
619,Nivala,FI,63.9167,24.9667,21.99,94,100,4.76,overcast clouds
620,Puerto Colombia,CO,10.9878,-74.9547,86.0,62,20,8.05,few clouds
621,Tura,IN,25.5198,90.2201,58.64,67,0,4.12,clear sky
622,Araouane,ML,18.9048,-3.5265,64.9,24,15,11.39,few clouds
623,Morgan City,US,29.6994,-91.2068,64.0,31,1,9.22,clear sky
624,Cedar City,US,37.6775,-113.0619,48.2,25,1,6.91,clear sky
625,Petrovsk-Zabaykalskiy,RU,51.273,108.843,-12.3,87,100,3.2,overcast clouds
626,Williamsport,US,41.2412,-77.0011,39.99,65,90,6.91,overcast clouds
627,Roald,NO,62.5833,6.1333,41.0,70,40,10.36,scattered clouds
628,Gondar,ET,12.6,37.4667,56.25,39,35,6.4,scattered clouds
629,Rio Gallegos,AR,-51.6226,-69.2181,71.6,49,20,16.11,few clouds
630,Matay,EG,28.419,30.7792,51.35,58,0,7.52,clear sky
631,San Nicola,IT,40.6116,8.991,53.6,71,20,3.44,few clouds
632,Kamenka,RU,51.3223,42.7678,-0.99,87,100,5.48,overcast clouds
633,Bokoro,TD,12.3807,17.0568,74.01,18,59,10.6,broken clouds
634,Sayyan,YE,15.1718,44.3244,46.35,51,0,1.52,clear sky
635,Padang,ID,-0.9492,100.3543,75.2,94,75,2.3,light rain
636,Manacapuru,BR,-3.2997,-60.6206,91.4,55,20,6.91,few clouds
637,Vesyegonsk,RU,58.664,37.2604,1.22,94,95,4.9,overcast clouds
638,Champerico,GT,14.3,-91.9167,87.8,66,40,9.22,scattered clouds
639,Carroll,US,39.5501,-77.0164,44.6,53,75,8.05,broken clouds
640,Kayes,ML,14.0,-11.0,76.62,15,78,6.8,broken clouds
641,Dong Hoi,VN,17.4833,106.6,56.95,85,100,14.85,overcast clouds
642,Caucaia,BR,-3.7361,-38.6531,82.4,69,40,9.22,scattered clouds
643,Yerofey Pavlovich,RU,53.9667,121.9667,-28.39,76,49,4.27,scattered clouds
644,Lixourion,GR,38.2019,20.4314,46.27,57,100,4.12,overcast clouds
645,Biak,ID,-0.9131,122.8766,75.78,88,100,5.19,light rain
646,Izumo,JP,35.3667,132.7667,33.8,80,75,14.97,light snow
647,Tabou,CI,4.423,-7.3528,78.94,82,2,6.73,clear sky
648,Charlestown,AU,-32.95,151.6667,72.0,92,73,1.83,broken clouds
649,Zverinogolovskoye,RU,54.4586,64.8542,-0.13,89,0,9.93,clear sky
650,Parvatipuram,IN,18.7833,83.4333,68.76,86,65,0.74,broken clouds
651,Luba,GQ,3.4568,8.5547,78.8,83,20,5.75,few clouds
652,Pueblo Nuevo,MX,23.3833,-105.3833,72.3,20,0,3.62,clear sky
653,Plettenberg Bay,ZA,-34.0527,23.3716,65.52,88,18,8.25,few clouds
654,Hue,VN,16.4667,107.6,62.6,94,75,20.71,moderate rain
655,Jinchang,CN,38.4953,102.1739,22.82,60,0,2.66,clear sky
656,Tekkali,IN,18.6167,84.2333,70.77,77,63,4.32,broken clouds
657,Pangnirtung,CA,66.1451,-65.7125,-7.6,71,20,2.55,few clouds
658,Broken Hill,AU,-31.95,141.4333,59.0,58,15,18.41,few clouds
659,Raudeberg,NO,61.9875,5.1352,37.99,89,93,20.78,overcast clouds
660,Tecoanapa,MX,16.5167,-98.75,83.84,60,35,10.29,scattered clouds
661,Miles City,US,46.4083,-105.8406,35.6,51,90,6.91,overcast clouds
662,Pontianak,ID,-0.0333,109.3333,75.2,94,40,4.99,scattered clouds
663,Sola,VU,-13.8833,167.55,84.2,89,90,6.91,light rain
664,Fare,PF,-16.7,-151.0167,81.39,74,0,12.91,clear sky
665,Camacha,PT,33.0833,-16.3333,59.0,58,75,6.91,broken clouds
666,Carbonia,IT,39.1672,8.5222,55.4,76,40,16.11,scattered clouds
667,Conakry,GN,9.538,-13.6773,80.56,65,68,6.82,broken clouds
668,Lobito,AO,-12.3481,13.5456,75.79,76,91,7.23,overcast clouds
669,Moron,AR,-34.6534,-58.6198,80.01,32,0,5.01,clear sky
670,Albion,US,42.2431,-84.753,33.8,93,90,4.61,light snow
671,Asfi,MA,32.2994,-9.2372,55.58,71,0,9.71,clear sky
672,Kingaroy,AU,-26.5333,151.8333,71.6,94,75,5.75,broken clouds
673,Nuuk,GL,64.1835,-51.7216,24.8,74,90,9.22,light snow
674,Hovd,MN,48.0056,91.6419,0.95,81,94,1.05,overcast clouds
675,Riberalta,BO,-10.9833,-66.1,89.6,58,75,9.22,light rain
676,Orange Cove,US,36.6244,-119.3137,69.01,45,1,3.29,clear sky
677,Kebumen,ID,-7.6687,109.6519,50.0,98,99,3.44,overcast clouds
678,Prince Rupert,CA,54.3161,-130.3201,44.6,87,90,4.61,light rain
679,Nakamura,JP,32.9833,132.9333,31.5,90,0,4.99,clear sky
680,Miri,MY,4.4148,114.0089,73.4,100,20,3.44,few clouds
681,Petrozavodsk,RU,61.7849,34.3469,15.8,92,85,4.47,overcast clouds
682,Povenets,RU,62.8487,34.8262,13.68,95,91,5.06,light snow
683,Tangkak,MY,2.2673,102.5453,77.0,78,20,8.05,few clouds
684,Kabo,CF,7.6994,18.629,77.22,19,6,5.03,clear sky
685,Mayo,US,38.8876,-76.5119,46.99,46,75,3.44,broken clouds
686,Reshetnikovo,RU,56.45,36.5667,-10.16,90,8,2.19,clear sky
687,Marquette,US,46.5333,-87.6335,26.01,90,100,7.87,overcast clouds
688,Sisimiut,GL,66.9395,-53.6735,17.67,93,99,21.52,light snow
689,Rundu,NA,-17.9333,19.7667,69.17,89,100,7.14,light rain
690,Marzuq,YE,14.4,46.4667,60.76,50,42,1.95,scattered clouds
691,Yenagoa,NG,4.9247,6.2642,77.95,85,27,5.64,scattered clouds
692,Carutapera,BR,-1.195,-46.02,81.36,75,59,8.08,broken clouds
693,Tarko-Sale,RU,64.9225,77.785,-0.89,93,100,12.64,overcast clouds
694,Sukhodol,RU,53.9006,51.2117,-9.18,90,44,0.78,scattered clouds
695,Bucerias,MX,20.75,-105.3333,71.6,78,20,10.36,few clouds
696,Wajir,KE,1.7471,40.0573,86.43,30,88,9.31,overcast clouds
697,Chaadayevka,RU,53.1427,45.9122,-9.26,89,97,0.45,overcast clouds
698,Olga,RU,43.7444,135.2892,1.29,85,60,3.74,broken clouds
699,Flinders,AU,-34.5833,150.8552,69.01,77,20,1.99,few clouds
700,Loikaw,MM,19.6742,97.2094,55.2,71,5,1.54,clear sky
701,Antsohihy,MG,-14.8796,47.9875,77.04,94,9,1.54,light rain
